country,2016
Niger,203.7438917
American Samoa,3.763411508
